url,date
https://biztoc.com/x/fba5e64dab124548,2025-05-07
https://biztoc.com/x/1f3ab76301bce2b5,2025-05-06
https://www.etfdailynews.com/2025/05/03/newedge-advisors-llc-invests-125000-in-oklo-inc-nyseoklo/,2025-05-03
https://www.etfdailynews.com/2025/05/04/short-interest-in-robinhood-markets-inc-nasdaqhood-rises-by-23-2/,2025-05-04
https://www.etfdailynews.com/2025/05/04/robinhood-markets-hood-market-outperform-rating-reaffirmed-at-jmp-securities/,2025-05-04
https://www.thehindubusinessline.com/news/national/hospitals-brace-for-an-emergency-amid-evolving-situation-between-india-and-pakistan/article69554057.ece,2025-05-08
https://biztoc.com/x/e3fe09777b633a0e,2025-05-08
https://biztoc.com/x/2aaef30218837826,2025-05-08
https://biztoc.com/x/c0d23017baeb0559,2025-05-08
https://biztoc.com/x/1511d5976574c834,2025-05-08
https://biztoc.com/x/d113a35ec2f5f6f4,2025-05-08
