url,date
https://finance.yahoo.com/news/oklo-nyse-oklo-announces-leadership-180524214.html?.tsrc=rss,2025-05-08
https://finance.yahoo.com/news/investor-play-oklo-stock-pre-145900524.html?.tsrc=rss,2025-05-08
https://finance.yahoo.com/news/why-oklo-inc-oklo-skyrocketed-073357657.html?.tsrc=rss,2025-05-07
https://finance.yahoo.com/m/2133a90a-cf6e-3f1d-942b-72e73c2c5bac/how-microstrategy%2C-coinbase%2C.html?.tsrc=rss,2025-05-09
https://finance.yahoo.com/m/5170e726-6d46-3515-8406-460ee1a466f0/coinbase-stock-drops-after.html?.tsrc=rss,2025-05-09
https://finance.yahoo.com/m/8a91b68f-721c-34cf-aa78-09d8ce36d55c/stock-market-today%3A-dow-jones.html?.tsrc=rss,2025-05-09
https://www.fool.com/investing/2025/05/09/why-robinhood-markets-stock-was-zooming-higher-thi/?.tsrc=rss,2025-05-09
https://finance.yahoo.com/m/7cea8e87-7aed-3f2d-bbc4-b640c0bea25f/dow-jones-futures-rise-as.html?.tsrc=rss,2025-05-09
https://finance.yahoo.com/m/2e38cec8-2dfe-3e4e-8f7e-13dab3783f67/stock-market-today%3A-dow-jones.html?.tsrc=rss,2025-05-08
https://finance.yahoo.com/news/ubs-group-pay-511m-settle-155700272.html?.tsrc=rss,2025-05-08
https://finance.yahoo.com/news/jim-cramer-robinhood-markets-inc-205611338.html?.tsrc=rss,2025-05-07
https://finance.yahoo.com/news/robinhood-markets-inc-present-j-200500630.html?.tsrc=rss,2025-05-07
https://www.coindesk.com/business/2025/05/07/robinhood-developing-blockchain-based-program-to-trade-u-s-securities-in-europe-bloomberg?.tsrc=rss,2025-05-07
https://finance.yahoo.com/news/why-tempus-ai-inc-tem-054802894.html?.tsrc=rss,2025-05-08
https://finance.yahoo.com/news/q1-2025-tempus-ai-inc-163406040.html?.tsrc=rss,2025-05-07
https://finance.yahoo.com/news/tempus-ai-inc-tem-among-114930032.html?.tsrc=rss,2025-05-07
https://finance.yahoo.com/news/tempus-ai-inc-tem-q1-072221503.html?.tsrc=rss,2025-05-07
https://finance.yahoo.com/news/tempus-reports-first-quarter-2025-200100964.html?.tsrc=rss,2025-05-06
https://finance.yahoo.com/news/jim-cramer-warns-tempus-ai-210737038.html?.tsrc=rss,2025-05-05
https://finance.yahoo.com/news/tempus-announces-notetaker-ai-powered-123000951.html?.tsrc=rss,2025-05-05
https://finance.yahoo.com/video/us-brand-damage-tariffs-linger-151745812.html?.tsrc=rss,2025-05-09
https://finance.yahoo.com/news/live/stock-market-today-dow-sp-500-nasdaq-waver-as-focus-turns-to-china-talks-trump-floats-cut-to-tariffs-on-chinese-imports-151054349.html?.tsrc=rss,2025-05-09
https://www.fool.com/investing/2025/05/09/the-sp-500-has-declined-in-3-of-the-first-4-months/?.tsrc=rss,2025-05-09
https://finance.yahoo.com/video/dont-equities-amid-trade-talks-135414262.html?.tsrc=rss,2025-05-09
https://www.fool.com/investing/2025/05/09/tariff-uncertainty-time-to-buy-vanguard-inter/?.tsrc=rss,2025-05-09
https://finance.yahoo.com/news/2-supermarket-stocks-focus-amid-131400747.html?.tsrc=rss,2025-05-09
https://uk.finance.yahoo.com/news/alibaba-walmart-burberry-imperial-brands-tui-stocks-to-watch-130723374.html?.tsrc=rss,2025-05-09
https://finance.yahoo.com/news/4-stocks-watch-challenging-technology-130200096.html?.tsrc=rss,2025-05-09
https://www.fool.com/investing/2025/05/09/analysts-increase-forecasts-on-dominos-despite-rev/?.tsrc=rss,2025-05-09
https://finance.yahoo.com/news/80-tariff-on-china-seems-right-trump-floats-deescalation-ahead-of-weekend-trade-talks-121037333.html?.tsrc=rss,2025-05-09
https://finance.yahoo.com/video/2-sides-trump-tariff-forecasts-103039373.html?.tsrc=rss,2025-05-09
https://finance.yahoo.com/news/boeing-is-the-first-winner-in-new-era-of-piecemeal-trade-deals-100052185.html?.tsrc=rss,2025-05-09
https://finance.yahoo.com/news/trade-hopes-boost-wall-street-090000362.html?.tsrc=rss,2025-05-09
https://uk.finance.yahoo.com/news/oil-us-china-trade-talks-pound-gold-084039226.html?.tsrc=rss,2025-05-09
https://uk.finance.yahoo.com/news/ftse-100-live-stock-markets-wall-street-trade-deal-081748413.html?.tsrc=rss,2025-05-09
https://finance.yahoo.com/news/trump-tariffs-could-cost-wall-street-its-bonuses-080013944.html?.tsrc=rss,2025-05-09
https://finance.yahoo.com/news/asian-stocks-mixed-hopes-china-045531992.html?.tsrc=rss,2025-05-09
https://finance.yahoo.com/news/palantir-stock-set-to-end-the-week-down-amid-investor-concerns-over-lofty-valuation-151514370.html?.tsrc=rss,2025-05-09
https://finance.yahoo.com/m/a1236f77-c86e-3ee8-818b-008edc458f72/stock-market-indexes-in-range.html?.tsrc=rss,2025-05-09
https://finance.yahoo.com/news/microsoft-amazon-google-palantir-poised-134122816.html?.tsrc=rss,2025-05-09
https://finance.yahoo.com/news/palantir-no-margin-error-valuation-133646418.html?.tsrc=rss,2025-05-09
https://finance.yahoo.com/news/why-palantir-technologies-inc-pltr-133002646.html?.tsrc=rss,2025-05-09
https://finance.yahoo.com/news/palantir-technologies-inc-pltr-ai-132330381.html?.tsrc=rss,2025-05-09
https://finance.yahoo.com/news/palantir-technologies-inc-pltr-trending-130012229.html?.tsrc=rss,2025-05-09
https://finance.yahoo.com/m/c266d939-278e-3c13-91d2-b163ecad68ad/there%27s-plenty-to-like-about.html?.tsrc=rss,2025-05-09
https://www.fool.com/investing/2025/05/09/where-will-palantir-stock-be-in-3-years/?.tsrc=rss,2025-05-09
https://www.hospitalmanagement.net/news/palantir-partners-joint-commission/?.tsrc=rss,2025-05-09
https://finance.yahoo.com/news/teslas-robotaxi-trademark-rejected-ride-153825131.html?.tsrc=rss,2025-05-09
https://finance.yahoo.com/news/tesla-supplier-panasonic-slash-10-152606428.html?.tsrc=rss,2025-05-09
https://www.fool.com/investing/2025/05/09/why-tesla-stock-continued-its-monster-run-friday/?.tsrc=rss,2025-05-09
https://finance.yahoo.com/m/fb55fb70-b0ce-3030-b50c-e7b7547ceed9/tesla-stock-is-surging.-two.html?.tsrc=rss,2025-05-09
https://finance.yahoo.com/m/4205eaa9-f620-3a0b-a81a-0e82c7c9fd0b/magnificent-seven-stocks%3A.html?.tsrc=rss,2025-05-09
https://finance.yahoo.com/news/tariffs-cut-uk-made-cars-143542273.html?.tsrc=rss,2025-05-09
https://www.investopedia.com/tesla-stock-jumps-friday-on-track-for-third-straight-week-of-gains-11731631?.tsrc=rss,2025-05-09
https://finance.yahoo.com/news/zacks-analyst-blog-highlights-tesla-135800623.html?.tsrc=rss,2025-05-09
https://finance.yahoo.com/news/tesla-inc-tsla-trending-stock-130013447.html?.tsrc=rss,2025-05-09
https://finance.yahoo.com/news/wall-street-brings-bitcoin-versus-121814642.html?.tsrc=rss,2025-05-09
https://finance.yahoo.com/news/us-equity-indexes-mixed-us-161501829.html?.tsrc=rss,2025-05-09
